archivo,paginas,paginas_danadas,lista_paginas,peso_total_bytes
C:\Users\VI810A2E\Downloads\Telegram Desktop\Kagurabachi\Ch1 - Kagurabachi.pdf,55,1,5,18119722
C:\Users\VI810A2E\Downloads\Telegram Desktop\Kagurabachi\Ch10 - Kagurabachi.pdf,20,0,,12997167
C:\Users\VI810A2E\Downloads\Telegram Desktop\Kagurabachi\Ch11 - Kagurabachi.pdf,19,0,,12283808
C:\Users\VI810A2E\Downloads\Telegram Desktop\Kagurabachi\Ch12 - Kagurabachi.pdf,20,0,,17082680
C:\Users\VI810A2E\Downloads\Telegram Desktop\Kagurabachi\Ch13 - Kagurabachi.pdf,21,0,,13515523
C:\Users\VI810A2E\Downloads\Telegram Desktop\Kagurabachi\Ch14 - Kagurabachi.pdf,21,0,,16419560
C:\Users\VI810A2E\Downloads\Telegram Desktop\Kagurabachi\Ch15 - Kagurabachi.pdf,19,0,,15284744
C:\Users\VI810A2E\Downloads\Telegram Desktop\Kagurabachi\Ch16 - Kagurabachi.pdf,19,0,,14723766
C:\Users\VI810A2E\Downloads\Telegram Desktop\Kagurabachi\Ch17 - Kagurabachi.pdf,19,0,,14646988
C:\Users\VI810A2E\Downloads\Telegram Desktop\Kagurabachi\Ch18 - Kagurabachi.pdf,19,0,,14352897
C:\Users\VI810A2E\Downloads\Telegram Desktop\Kagurabachi\Ch19 - Kagurabachi.pdf,21,0,,16266805
C:\Users\VI810A2E\Downloads\Telegram Desktop\Kagurabachi\Ch2 - Kagurabachi.pdf,26,0,,19436392
C:\Users\VI810A2E\Downloads\Telegram Desktop\Kagurabachi\Ch20 - Kagurabachi.pdf,19,0,,12424767
C:\Users\VI810A2E\Downloads\Telegram Desktop\Kagurabachi\Ch21 - Kagurabachi.pdf,19,0,,13406829
C:\Users\VI810A2E\Downloads\Telegram Desktop\Kagurabachi\Ch22 - Kagurabachi.pdf,19,0,,12955424
C:\Users\VI810A2E\Downloads\Telegram Desktop\Kagurabachi\Ch23 - Kagurabachi.pdf,21,0,,14700185
C:\Users\VI810A2E\Downloads\Telegram Desktop\Kagurabachi\Ch24 - Kagurabachi.pdf,19,0,,15037620
C:\Users\VI810A2E\Downloads\Telegram Desktop\Kagurabachi\Ch25 - Kagurabachi.pdf,19,0,,14189941
C:\Users\VI810A2E\Downloads\Telegram Desktop\Kagurabachi\Ch26 - Kagurabachi.pdf,19,0,,13387869
C:\Users\VI810A2E\Downloads\Telegram Desktop\Kagurabachi\Ch27 - Kagurabachi.pdf,19,0,,12244468
C:\Users\VI810A2E\Downloads\Telegram Desktop\Kagurabachi\Ch28 - Kagurabachi.pdf,19,0,,13478257
C:\Users\VI810A2E\Downloads\Telegram Desktop\Kagurabachi\Ch29 - Kagurabachi.pdf,19,0,,12366741
C:\Users\VI810A2E\Downloads\Telegram Desktop\Kagurabachi\Ch3 - Kagurabachi.pdf,24,0,,19422719
C:\Users\VI810A2E\Downloads\Telegram Desktop\Kagurabachi\Ch30 - Kagurabachi.pdf,19,0,,15267567
C:\Users\VI810A2E\Downloads\Telegram Desktop\Kagurabachi\Ch31 - Kagurabachi.pdf,21,0,,14769684
C:\Users\VI810A2E\Downloads\Telegram Desktop\Kagurabachi\Ch32 - Kagurabachi.pdf,21,0,,15567779
C:\Users\VI810A2E\Downloads\Telegram Desktop\Kagurabachi\Ch33 - Kagurabachi.pdf,19,0,,14418523
C:\Users\VI810A2E\Downloads\Telegram Desktop\Kagurabachi\Ch34 - Kagurabachi.pdf,19,0,,13956047
C:\Users\VI810A2E\Downloads\Telegram Desktop\Kagurabachi\Ch35 - Kagurabachi.pdf,19,0,,7283664
C:\Users\VI810A2E\Downloads\Telegram Desktop\Kagurabachi\Ch36 - Kagurabachi.pdf,19,0,,14455790
C:\Users\VI810A2E\Downloads\Telegram Desktop\Kagurabachi\Ch37 - Kagurabachi.pdf,18,0,,14573557
C:\Users\VI810A2E\Downloads\Telegram Desktop\Kagurabachi\Ch38 - Kagurabachi.pdf,20,0,,15483812
C:\Users\VI810A2E\Downloads\Telegram Desktop\Kagurabachi\Ch39 - Kagurabachi.pdf,18,0,,13860414
C:\Users\VI810A2E\Downloads\Telegram Desktop\Kagurabachi\Ch4 - Kagurabachi.pdf,19,0,,18860642
C:\Users\VI810A2E\Downloads\Telegram Desktop\Kagurabachi\Ch40 - Kagurabachi.pdf,18,0,,12745260
C:\Users\VI810A2E\Downloads\Telegram Desktop\Kagurabachi\Ch41 - Kagurabachi.pdf,20,0,,14075377
C:\Users\VI810A2E\Downloads\Telegram Desktop\Kagurabachi\Ch42 - Kagurabachi.pdf,17,0,,13913308
C:\Users\VI810A2E\Downloads\Telegram Desktop\Kagurabachi\Ch43 - Kagurabachi.pdf,18,0,,14116063
C:\Users\VI810A2E\Downloads\Telegram Desktop\Kagurabachi\Ch44 - Kagurabachi.pdf,20,0,,14166260
C:\Users\VI810A2E\Downloads\Telegram Desktop\Kagurabachi\Ch45 - Kagurabachi.pdf,19,0,,11802088
C:\Users\VI810A2E\Downloads\Telegram Desktop\Kagurabachi\Ch46 - Kagurabachi.pdf,19,0,,12334832
C:\Users\VI810A2E\Downloads\Telegram Desktop\Kagurabachi\Ch47 - Kagurabachi.pdf,21,0,,14276291
C:\Users\VI810A2E\Downloads\Telegram Desktop\Kagurabachi\Ch48 - Kagurabachi.pdf,18,0,,12920041
C:\Users\VI810A2E\Downloads\Telegram Desktop\Kagurabachi\Ch49 - Kagurabachi.pdf,18,0,,13434476
C:\Users\VI810A2E\Downloads\Telegram Desktop\Kagurabachi\Ch5 - Kagurabachi.pdf,19,0,,7560608
C:\Users\VI810A2E\Downloads\Telegram Desktop\Kagurabachi\Ch50 - Kagurabachi.pdf,19,0,,12901859
C:\Users\VI810A2E\Downloads\Telegram Desktop\Kagurabachi\Ch51 - Kagurabachi.pdf,18,0,,12973546
C:\Users\VI810A2E\Downloads\Telegram Desktop\Kagurabachi\Ch52 - Kagurabachi.pdf,18,0,,14035912
C:\Users\VI810A2E\Downloads\Telegram Desktop\Kagurabachi\Ch53 - Kagurabachi.pdf,20,0,,13882971
C:\Users\VI810A2E\Downloads\Telegram Desktop\Kagurabachi\Ch54 - Kagurabachi.pdf,19,0,,13450194
C:\Users\VI810A2E\Downloads\Telegram Desktop\Kagurabachi\Ch55 - Kagurabachi.pdf,17,0,,12385746
C:\Users\VI810A2E\Downloads\Telegram Desktop\Kagurabachi\Ch56 - Kagurabachi.pdf,20,0,,14135595
C:\Users\VI810A2E\Downloads\Telegram Desktop\Kagurabachi\Ch57 - Kagurabachi.pdf,18,0,,13790809
C:\Users\VI810A2E\Downloads\Telegram Desktop\Kagurabachi\Ch58 - Kagurabachi.pdf,17,0,,13089492
C:\Users\VI810A2E\Downloads\Telegram Desktop\Kagurabachi\Ch58.1 - Kagurabachi.pdf,11,0,,5608045
C:\Users\VI810A2E\Downloads\Telegram Desktop\Kagurabachi\Ch59 - Kagurabachi.pdf,19,0,,13926284
C:\Users\VI810A2E\Downloads\Telegram Desktop\Kagurabachi\Ch6 - Kagurabachi.pdf,19,0,,7101713
C:\Users\VI810A2E\Downloads\Telegram Desktop\Kagurabachi\Ch60 - Kagurabachi.pdf,19,0,,11843743
C:\Users\VI810A2E\Downloads\Telegram Desktop\Kagurabachi\Ch61 - Kagurabachi.pdf,19,0,,11703368
C:\Users\VI810A2E\Downloads\Telegram Desktop\Kagurabachi\Ch62 - Kagurabachi.pdf,19,0,,11485139
C:\Users\VI810A2E\Downloads\Telegram Desktop\Kagurabachi\Ch63 - Kagurabachi.pdf,20,0,,13842226
C:\Users\VI810A2E\Downloads\Telegram Desktop\Kagurabachi\Ch64 - Kagurabachi.pdf,19,0,,11759055
C:\Users\VI810A2E\Downloads\Telegram Desktop\Kagurabachi\Ch65 - Kagurabachi.pdf,19,0,,11333907
C:\Users\VI810A2E\Downloads\Telegram Desktop\Kagurabachi\Ch66 - Kagurabachi.pdf,19,0,,12531870
C:\Users\VI810A2E\Downloads\Telegram Desktop\Kagurabachi\Ch67 - Kagurabachi.pdf,19,0,,12217224
C:\Users\VI810A2E\Downloads\Telegram Desktop\Kagurabachi\Ch68 - Kagurabachi.pdf,18,0,,11752759
C:\Users\VI810A2E\Downloads\Telegram Desktop\Kagurabachi\Ch69 - Kagurabachi.pdf,19,0,,11672211
C:\Users\VI810A2E\Downloads\Telegram Desktop\Kagurabachi\Ch7 - Kagurabachi.pdf,18,0,,16313065
C:\Users\VI810A2E\Downloads\Telegram Desktop\Kagurabachi\Ch70 - Kagurabachi.pdf,18,0,,11769262
C:\Users\VI810A2E\Downloads\Telegram Desktop\Kagurabachi\Ch71 - Kagurabachi.pdf,19,0,,12332406
C:\Users\VI810A2E\Downloads\Telegram Desktop\Kagurabachi\Ch72 - Kagurabachi.pdf,18,0,,12542469
C:\Users\VI810A2E\Downloads\Telegram Desktop\Kagurabachi\Ch73 - Kagurabachi.pdf,21,0,,14161259
C:\Users\VI810A2E\Downloads\Telegram Desktop\Kagurabachi\Ch74 - Kagurabachi.pdf,18,0,,13044629
C:\Users\VI810A2E\Downloads\Telegram Desktop\Kagurabachi\Ch75 - Kagurabachi.pdf,19,0,,12438788
C:\Users\VI810A2E\Downloads\Telegram Desktop\Kagurabachi\Ch76 - Kagurabachi.pdf,19,0,,13125480
C:\Users\VI810A2E\Downloads\Telegram Desktop\Kagurabachi\Ch77 - Kagurabachi.pdf,19,0,,17184093
C:\Users\VI810A2E\Downloads\Telegram Desktop\Kagurabachi\Ch78 - Kagurabachi.pdf,19,0,,13486810
C:\Users\VI810A2E\Downloads\Telegram Desktop\Kagurabachi\Ch79 - Kagurabachi.pdf,17,0,,11804594
C:\Users\VI810A2E\Downloads\Telegram Desktop\Kagurabachi\Ch8 - Kagurabachi.pdf,20,0,,13242983
C:\Users\VI810A2E\Downloads\Telegram Desktop\Kagurabachi\Ch80 - Kagurabachi.pdf,19,0,,13217912
C:\Users\VI810A2E\Downloads\Telegram Desktop\Kagurabachi\Ch81 - Kagurabachi.pdf,18,0,,12286414
C:\Users\VI810A2E\Downloads\Telegram Desktop\Kagurabachi\Ch82 - Kagurabachi.pdf,18,0,,13942351
C:\Users\VI810A2E\Downloads\Telegram Desktop\Kagurabachi\Ch83 - Kagurabachi.pdf,16,0,,12256754
C:\Users\VI810A2E\Downloads\Telegram Desktop\Kagurabachi\Ch84 - Kagurabachi.pdf,16,0,,13191769
C:\Users\VI810A2E\Downloads\Telegram Desktop\Kagurabachi\Ch85 - Kagurabachi.pdf,16,0,,11398409
C:\Users\VI810A2E\Downloads\Telegram Desktop\Kagurabachi\Ch86 - Kagurabachi.pdf,18,0,,11973436
C:\Users\VI810A2E\Downloads\Telegram Desktop\Kagurabachi\Ch87 - Kagurabachi.pdf,18,0,,11177266
C:\Users\VI810A2E\Downloads\Telegram Desktop\Kagurabachi\Ch88 - Kagurabachi.pdf,17,0,,10900668
C:\Users\VI810A2E\Downloads\Telegram Desktop\Kagurabachi\Ch89 - Kagurabachi.pdf,20,0,,13718295
C:\Users\VI810A2E\Downloads\Telegram Desktop\Kagurabachi\Ch9 - Kagurabachi.pdf,22,0,,12045549
C:\Users\VI810A2E\Downloads\Telegram Desktop\Kagurabachi\Ch90 - Kagurabachi.pdf,19,0,,12791913
C:\Users\VI810A2E\Downloads\Telegram Desktop\Kagurabachi\Ch91 - Kagurabachi.pdf,19,0,,12632507
C:\Users\VI810A2E\Downloads\Telegram Desktop\Kagurabachi\Ch92 - Kagurabachi.pdf,17,0,,12789767
C:\Users\VI810A2E\Downloads\Telegram Desktop\Kagurabachi\Ch93 - Kagurabachi.pdf,18,0,,11343967
C:\Users\VI810A2E\Downloads\Telegram Desktop\Kagurabachi\Ch93.5 - Kagurabachi.pdf,19,0,,13597078
C:\Users\VI810A2E\Downloads\Telegram Desktop\Kagurabachi\Ch94 - Kagurabachi.pdf,17,0,,11379736
C:\Users\VI810A2E\Downloads\Telegram Desktop\Kagurabachi\Ch95 - Kagurabachi.pdf,19,0,,11584215
C:\Users\VI810A2E\Downloads\Telegram Desktop\Kagurabachi\Ch96 - Kagurabachi.pdf,18,0,,13004136
C:\Users\VI810A2E\Downloads\Telegram Desktop\Kagurabachi\Ch97 - Kagurabachi.pdf,19,0,,11719294
C:\Users\VI810A2E\Downloads\Telegram Desktop\Kagurabachi\Ch98 - Kagurabachi.pdf,18,0,,12401135
C:\Users\VI810A2E\Downloads\Telegram Desktop\Kagurabachi\Ch99 - Kagurabachi.pdf,16,0,,5185727
